{
  "mean": {
    "fold": 2.0,
    "n_train": 4572.0,
    "n_val": 1143.0,
    "rmse": 5.5368297931133785,
    "mae": 4.2551935341502105,
    "r2": 0.7572819887949983,
    "adj_r2": 0.7442952317379041,
    "weighted_rmse": 7.40379543660338,
    "rmse_bottom_5": 9.081579671569012,
    "mae_bottom_5": 7.630451260645434,
    "r2_bottom_5": -5.4891529799520224,
    "adj_r2_bottom_5": -67.80806796098832,
    "n_bottom_5": 73.2,
    "rmse_top_5": 7.250167873931785,
    "mae_top_5": 5.632755733701478,
    "r2_top_5": 0.5013061311038243,
    "adj_r2_top_5": -1.8791851188936495,
    "n_top_5": 63.2,
    "rmse_bottom_10": 7.128677193392034,
    "mae_bottom_10": 5.562058394039802,
    "r2_bottom_10": -2.6534637487586403,
    "adj_r2_bottom_10": -5.057185072222575,
    "n_bottom_10": 169.8,
    "rmse_top_10": 7.142202743320496,
    "mae_top_10": 5.620657323348883,
    "r2_top_10": 0.7068543500829684,
    "adj_r2_top_10": 0.42071369166165146,
    "n_top_10": 118.6,
    "rmse_bottom_20": 6.334781901728287,
    "mae_bottom_20": 4.8048824895631,
    "r2_bottom_20": -1.8854116010524842,
    "adj_r2_bottom_20": -2.696341856173407,
    "n_bottom_20": 265.2,
    "rmse_top_20": 6.214677023876675,
    "mae_top_20": 4.7985260016648414,
    "r2_top_20": 0.7891912740236642,
    "adj_r2_top_20": 0.7387677365033144,
    "n_top_20": 305.6
  },
  "std": {
    "fold": 1.4142135623730951,
    "n_train": 0.0,
    "n_val": 0.0,
    "rmse": 0.173648715007825,
    "mae": 0.18488536776895184,
    "r2": 0.06168908086196335,
    "adj_r2": 0.0649897881405555,
    "weighted_rmse": 0.2024563225228181,
    "rmse_bottom_5": 1.0497438017000598,
    "mae_bottom_5": 1.0349323466362645,
    "r2_bottom_5": 0.9392323463404871,
    "adj_r2_bottom_5": 81.50762450766629,
    "n_bottom_5": 19.81312696168881,
    "rmse_top_5": 0.7666543176389711,
    "mae_top_5": 0.7518557766616113,
    "r2_top_5": 0.13542719744038423,
    "adj_r2_top_5": 2.5918689539955606,
    "n_top_5": 4.308131845707604,
    "rmse_bottom_10": 0.3750092512841731,
    "mae_bottom_10": 0.36423247612949866,
    "r2_bottom_10": 1.2456906312515033,
    "adj_r2_bottom_10": 3.1122027569861612,
    "n_bottom_10": 31.428649350552753,
    "rmse_top_10": 0.49023801850425663,
    "mae_top_10": 0.5059581193113547,
    "r2_top_10": 0.09731389889562754,
    "adj_r2_top_10": 0.19530523419495047,
    "n_top_10": 3.8781438859330635,
    "rmse_bottom_20": 0.48362377441819254,
    "mae_bottom_20": 0.42852884548115194,
    "r2_bottom_20": 0.5958658894558239,
    "adj_r2_bottom_20": 0.63744354469081,
    "n_bottom_20": 35.21590549737434,
    "rmse_top_20": 0.19893581765061163,
    "mae_top_20": 0.19643158751893725,
    "r2_top_20": 0.07660605282495465,
    "adj_r2_top_20": 0.0964968297643437,
    "n_top_20": 16.776173580408617
  },
  "folds": [
    {
      "fold": 0,
      "n_train": 4572,
      "n_val": 1143,
      "rmse": 5.659178672587584,
      "mae": 4.413804739604159,
      "r2": 0.6869490926650017,
      "adj_r2": 0.6701991363684796,
      "weighted_rmse": 7.201127520767823,
      "rmse_bottom_5": 8.984227417806187,
      "mae_bottom_5": 7.811296563070328,
      "r2_bottom_5": -6.600592561004637,
      "adj_r2_bottom_5": -227.01777683013913,
      "n_bottom_5": 61,
      "rmse_top_5": 7.217866946072744,
      "mae_top_5": 5.881546537754899,
      "r2_top_5": 0.33810056807480204,
      "adj_r2_top_5": 0.33810056807480204,
      "n_top_5": 59,
      "rmse_bottom_10": 6.491963485533481,
      "mae_bottom_10": 4.910677123188379,
      "r2_bottom_10": -1.7704367105581134,
      "adj_r2_bottom_10": -2.9020235359973428,
      "n_bottom_10": 201,
      "rmse_top_10": 6.996952871799195,
      "mae_top_10": 5.684526108051169,
      "r2_top_10": 0.5992640292517881,
      "adj_r2_top_10": 0.1914976028764146,
      "n_top_10": 116,
      "rmse_bottom_20": 6.282349873295528,
      "mae_bottom_20": 4.72474562739913,
      "r2_bottom_20": -1.6001509070845374,
      "adj_r2_bottom_20": -2.4769459804037415,
      "n_bottom_20": 231,
      "rmse_top_20": 6.442942448475251,
      "mae_top_20": 5.1398599112906105,
      "r2_top_20": 0.6803739766234066,
      "adj_r2_top_20": 0.5990656022556766,
      "n_top_20": 287
    },
    {
      "fold": 1,
      "n_train": 4572,
      "n_val": 1143,
      "rmse": 5.528567722264485,
      "mae": 4.22799748197941,
      "r2": 0.784136053106215,
      "adj_r2": 0.7725861371285033,
      "weighted_rmse": 7.260652389310924,
      "rmse_bottom_5": 8.7583837932755,
      "mae_bottom_5": 7.383798898969378,
      "r2_bottom_5": -6.051544062068957,
      "adj_r2_bottom_5": -43.232412752978,
      "n_bottom_5": 70,
      "rmse_top_5": 7.10810456440544,
      "mae_top_5": 5.639160100964532,
      "r2_top_5": 0.7143700299317934,
      "adj_r2_top_5": -0.9422837964638044,
      "n_top_5": 69,
      "rmse_bottom_10": 7.003925218577613,
      "mae_bottom_10": 5.47917814422072,
      "r2_bottom_10": -2.8629308899156576,
      "adj_r2_bottom_10": -4.86337724362198,
      "n_bottom_10": 171,
      "rmse_top_10": 7.2661025007716304,
      "mae_top_10": 5.906700438811999,
      "r2_top_10": 0.7926722998035135,
      "adj_r2_top_10": 0.5922555229469099,
      "n_top_10": 119,
      "rmse_bottom_20": 6.330411394123005,
      "mae_bottom_20": 4.786744984051653,
      "r2_bottom_20": -1.9712072403877294,
      "adj_r2_bottom_20": -2.8201235947842234,
      "n_bottom_20": 262,
      "rmse_top_20": 6.163579463878927,
      "mae_top_20": 4.644572394234793,
      "r2_top_20": 0.8376189558308171,
      "adj_r2_top_20": 0.7997952587954251,
      "n_top_20": 308
    },
    {
      "fold": 2,
      "n_train": 4572,
      "n_val": 1143,
      "rmse": 5.790487110448259,
      "mae": 4.507437803747355,
      "r2": 0.807980374087876,
      "adj_r2": 0.7977062612623196,
      "weighted_rmse": 7.435231079616241,
      "rmse_bottom_5": 10.817268748652117,
      "mae_bottom_5": 9.23460098398143,
      "r2_bottom_5": -5.856990142778861,
      "adj_r2_bottom_5": -5.856990142778861,
      "n_bottom_5": 58,
      "rmse_top_5": 6.147817692651958,
      "mae_top_5": 4.441347122192383,
      "r2_top_5": 0.37743030006863953,
      "adj_r2_top_5": 0.37743030006863953,
      "n_top_5": 58,
      "rmse_bottom_10": 7.531019521672118,
      "mae_bottom_10": 5.841452763495754,
      "r2_bottom_10": -1.7466953169990322,
      "adj_r2_bottom_10": -2.868584953519764,
      "n_bottom_10": 201,
      "rmse_top_10": 6.455679965849242,
      "mae_top_10": 4.909674529371591,
      "r2_top_10": 0.848811501572891,
      "adj_r2_top_10": 0.6949705733488152,
      "n_top_10": 116,
      "rmse_bottom_20": 7.150983501677507,
      "mae_bottom_20": 5.520381112517672,
      "r2_bottom_20": -1.52237227279512,
      "adj_r2_bottom_20": -2.3351366718068807,
      "n_bottom_20": 239,
      "rmse_top_20": 5.858341487793144,
      "mae_top_20": 4.572425963713958,
      "r2_top_20": 0.8762831832717358,
      "adj_r2_top_20": 0.8500949519934902,
      "n_top_20": 333
    },
    {
      "fold": 3,
      "n_train": 4572,
      "n_val": 1143,
      "rmse": 5.3963856317024135,
      "mae": 4.125779399287773,
      "r2": 0.8270325187381211,
      "adj_r2": 0.8177778011060279,
      "weighted_rmse": 7.345374103400433,
      "rmse_bottom_5": 9.295348049340433,
      "mae_bottom_5": 7.728844620337854,
      "r2_bottom_5": -3.9027673910322953,
      "adj_r2_bottom_5": -51.296185504344486,
      "n_bottom_5": 65,
      "rmse_top_5": 7.222419571976297,
      "mae_top_5": 5.4275143335735985,
      "r2_top_5": 0.5101561151641454,
      "adj_r2_top_5": -6.592580214955746,
      "n_top_5": 63,
      "rmse_bottom_10": 7.141163811427246,
      "mae_bottom_10": 5.630359145879746,
      "r2_bottom_10": -1.884114413975829,
      "adj_r2_bottom_10": -3.540338532892642,
      "n_bottom_10": 160,
      "rmse_top_10": 7.0253088801767065,
      "mae_top_10": 5.242898234005632,
      "r2_top_10": 0.6240072528637214,
      "adj_r2_top_10": 0.24141814174259568,
      "n_top_10": 116,
      "rmse_bottom_20": 6.280783947966554,