{
  "rmse": 7.9928658462187006,
  "r2": 0.6526411136397787,
  "mae": 6.181497250299385,
  "adj_r2": 0.6204577024434643,
  "weighted_rmse": 9.353795111776089,
  "binned": {
    "rmse_bottom_5": 11.69616229964228,
    "mae_bottom_5": 8.996774370242388,
    "r2_bottom_5": -4.849502552992238,
    "adj_r2_bottom_5": -4.849502552992238,
    "n_bottom_5": 39,
    "rmse_top_5": 9.482279801845587,
    "mae_top_5": 6.275811862945557,
    "r2_top_5": -3.243366935861605,
    "adj_r2_top_5": -3.243366935861605,
    "n_top_5": 40,
    "rmse_bottom_10": 9.940586713039913,
    "mae_bottom_10": 7.6522900380586325,
    "r2_bottom_10": -4.032349176989405,
    "adj_r2_bottom_10": -21.201540486717963,
    "n_bottom_10": 76,
    "rmse_top_10": 8.97457375877217,
    "mae_top_10": 5.8510614478069805,
    "r2_top_10": -0.4304522885765294,
    "adj_r2_top_10": -8.7270755623204,
    "n_top_10": 69,
    "rmse_bottom_20": 8.485633058976584,
    "mae_bottom_20": 6.561137645098627,
    "r2_bottom_20": -3.7959871739154982,
    "adj_r2_bottom_20": -5.826405101558556,
    "n_bottom_20": 196,
    "rmse_top_20": 8.17523058377854,
    "mae_top_20": 5.465441068013509,
    "r2_top_20": 0.6745491646304964,
    "adj_r2_top_20": 0.4356105766376963,
    "n_top_20": 138
  },
  "rmse_lt_30": 8.38863259981771,
  "rmse_gt_80": 7.660925254909742
}