{
  "rmse": 6.377687520440114,
  "r2": 0.778843432920746,
  "mae": 4.673024991446168,
  "adj_r2": 0.758352888367077,
  "weighted_rmse": 8.536921073714879,
  "binned": {
    "rmse_bottom_5": 11.190716061728063,
    "mae_bottom_5": 8.26278064434345,
    "r2_bottom_5": -4.354857474296147,
    "adj_r2_bottom_5": -4.354857474296147,
    "n_bottom_5": 39,
    "rmse_top_5": 7.651246149165555,
    "mae_top_5": 4.870237159729004,
    "r2_top_5": -1.7627997202643786,
    "adj_r2_top_5": -1.7627997202643786,
    "n_top_5": 40,
    "rmse_bottom_10": 8.71351622794758,
    "mae_bottom_10": 6.08245244277151,
    "r2_bottom_10": -2.8666389392473532,
    "adj_r2_bottom_10": -16.058701202561853,
    "n_bottom_10": 76,
    "rmse_top_10": 8.594390006946526,
    "mae_top_10": 5.71024905771449,
    "r2_top_10": -0.3118247788081403,
    "adj_r2_top_10": -7.920408495895355,
    "n_top_10": 69,
    "rmse_bottom_20": 6.756927460681395,
    "mae_bottom_20": 4.763634125067263,
    "r2_bottom_20": -2.0409412548651313,
    "adj_r2_bottom_20": -3.3283470415963547,
    "n_bottom_20": 196,
    "rmse_top_20": 7.189993840022816,
    "mae_top_20": 4.781290551890498,
    "r2_top_20": 0.7482656934784508,
    "adj_r2_top_20": 0.5634481013487058,
    "n_top_20": 138
  },
  "rmse_lt_30": 6.530967919488502,
  "rmse_gt_80": 10.505987903144987
}