{
  "mean": {
    "fold": 2.0,
    "n_train": 4572.0,
    "n_val": 1143.0,
    "rmse": 5.554778179015932,
    "mae": 4.3181480744863325,
    "r2": 0.7543191328117714,
    "adj_r2": 0.741173846560003,
    "weighted_rmse": 6.872005545265445,
    "rmse_bottom_5": 8.296121927326393,
    "mae_bottom_5": 6.793421942459981,
    "r2_bottom_5": -4.613037398561401,
    "adj_r2_bottom_5": -54.70466178645054,
    "n_bottom_5": 73.2,
    "rmse_top_5": 6.519699650545794,
    "mae_top_5": 4.97729686657979,
    "r2_top_5": 0.6116709996476477,
    "adj_r2_top_5": -1.4921919946980502,
    "n_top_5": 63.2,
    "rmse_bottom_10": 6.726803168144288,
    "mae_bottom_10": 5.1873492492725735,
    "r2_bottom_10": -2.3137824633324415,
    "adj_r2_bottom_10": -4.442482529773904,
    "n_bottom_10": 169.8,
    "rmse_top_10": 6.437286498743153,
    "mae_top_10": 4.951689379058413,
    "r2_top_10": 0.7611830386606441,
    "adj_r2_top_10": 0.5290117211732027,
    "n_top_10": 118.6,
    "rmse_bottom_20": 6.1735758829095335,
    "mae_bottom_20": 4.766929425675466,
    "r2_bottom_20": -1.8162087797802773,
    "adj_r2_bottom_20": -2.598319370699414,
    "n_bottom_20": 265.2,
    "rmse_top_20": 5.8879466873400705,
    "mae_top_20": 4.569783311344326,
    "r2_top_20": 0.8093270939894219,
    "adj_r2_top_20": 0.7640454819908148,
    "n_top_20": 305.6
  },
  "std": {
    "fold": 1.4142135623730951,
    "n_train": 0.0,
    "n_val": 0.0,
    "rmse": 0.23487449804863314,
    "mae": 0.2075342374221741,
    "r2": 0.06768994986199184,
    "adj_r2": 0.07131173684722755,
    "weighted_rmse": 0.43590398360990995,
    "rmse_bottom_5": 1.1352576579279035,
    "mae_bottom_5": 1.1725749143983815,
    "r2_bottom_5": 2.005446286854756,
    "adj_r2_bottom_5": 56.995881887501746,
    "n_bottom_5": 19.81312696168881,
    "rmse_top_5": 1.0091086167443932,
    "mae_top_5": 1.0203229137458383,
    "r2_top_5": 0.06628536711951982,
    "adj_r2_top_5": 2.2846780644526614,
    "n_top_5": 4.308131845707604,
    "rmse_bottom_10": 0.7799531773167863,
    "mae_bottom_10": 0.7315201329606877,
    "r2_bottom_10": 1.3219741145280037,
    "adj_r2_bottom_10": 2.7213839793217383,
    "n_bottom_10": 31.428649350552753,
    "rmse_top_10": 0.6362608429721835,
    "mae_top_10": 0.6801014017817179,
    "r2_top_10": 0.08299569972528939,
    "adj_r2_top_10": 0.1627276186358787,
    "n_top_10": 3.8781438859330635,
    "rmse_bottom_20": 0.64563970201338,
    "mae_bottom_20": 0.5637259386289838,
    "r2_bottom_20": 0.915408138103834,
    "adj_r2_bottom_20": 1.078734511727863,
    "n_bottom_20": 35.21590549737434,
    "rmse_top_20": 0.3920027185204892,
    "mae_top_20": 0.3566970891311021,
    "r2_top_20": 0.07729961049441642,
    "adj_r2_top_20": 0.09588316242771484,
    "n_top_20": 16.776173580408617
  },
  "folds": [
    {
      "fold": 0,
      "n_train": 4572,
      "n_val": 1143,
      "rmse": 5.401453441327043,
      "mae": 4.260895845207956,
      "r2": 0.7148131939997739,
      "adj_r2": 0.6995541213540054,
      "weighted_rmse": 6.356520826343108,
      "rmse_bottom_5": 7.576613062960169,
      "mae_bottom_5": 6.235191679782554,
      "r2_bottom_5": -4.405504033540568,
      "adj_r2_bottom_5": -161.16512100621705,
      "n_bottom_5": 61,
      "rmse_top_5": 5.605451983110181,
      "mae_top_5": 4.497585684566174,
      "r2_top_5": 0.60079539932132,
      "adj_r2_top_5": 0.60079539932132,
      "n_top_5": 59,
      "rmse_bottom_10": 5.559224343201989,
      "mae_bottom_10": 4.1359286056822215,
      "r2_bottom_10": -1.031535881045695,
      "adj_r2_bottom_10": -1.8613181423178804,
      "n_bottom_10": 201,
      "rmse_top_10": 6.326221871379664,
      "mae_top_10": 4.834971477245462,
      "r2_top_10": 0.6724110316448382,
      "adj_r2_top_10": 0.33907488840625244,
      "n_top_10": 116,
      "rmse_bottom_20": 5.487692596825527,
      "mae_bottom_20": 4.1389859690810695,
      "r2_bottom_20": -0.9839643631308728,
      "adj_r2_bottom_20": -1.6529756018610509,
      "n_bottom_20": 231,
      "rmse_top_20": 5.649093061628699,
      "mae_top_20": 4.313577173478928,
      "r2_top_20": 0.7542853300711231,
      "adj_r2_top_20": 0.6917789666681631,
      "n_top_20": 287
    },
    {
      "fold": 1,
      "n_train": 4572,
      "n_val": 1143,
      "rmse": 5.882633344345967,
      "mae": 4.5553317616513604,
      "r2": 0.7556015729700254,
      "adj_r2": 0.7425249043651005,
      "weighted_rmse": 7.315864636403161,
      "rmse_bottom_5": 10.168137714369617,
      "mae_bottom_5": 8.847548621041435,
      "r2_bottom_5": -8.504277735893934,
      "adj_r2_bottom_5": -58.617742161516496,
      "n_bottom_5": 70,
      "rmse_top_5": 6.847345803225418,
      "mae_top_5": 5.463927835657977,
      "r2_top_5": 0.734942144021486,
      "adj_r2_top_5": -0.8023934206538947,
      "n_top_5": 69,
      "rmse_bottom_10": 8.017309464872021,
      "mae_bottom_10": 6.42085768047132,
      "r2_bottom_10": -4.061639755942918,
      "adj_r2_bottom_10": -6.682846058127643,
      "n_bottom_10": 171,
      "rmse_top_10": 6.3712153207406885,
      "mae_top_10": 5.148941136207901,
      "r2_top_10": 0.8405961319829733,
      "adj_r2_top_10": 0.6865057262331808,
      "n_top_10": 119,
      "rmse_bottom_20": 7.261911377708924,
      "mae_bottom_20": 5.750497817993164,
      "r2_bottom_20": -2.9099478516745054,
      "adj_r2_bottom_20": -4.027075809295792,
      "n_bottom_20": 262,
      "rmse_top_20": 5.662801253152309,
      "mae_top_20": 4.482021399906704,
      "r2_top_20": 0.862933295934591,
      "adj_r2_top_20": 0.8310061118550982,
      "n_top_20": 308
    },
    {
      "fold": 2,
      "n_train": 4572,
      "n_val": 1143,
      "rmse": 5.722089057240697,
      "mae": 4.491007004852161,
      "r2": 0.812489908216654,
      "adj_r2": 0.8024570804275082,
      "weighted_rmse": 6.625037483347848,
      "rmse_bottom_5": 8.609583648324005,
      "mae_bottom_5": 7.11056291251347,
      "r2_bottom_5": -3.3437276328898653,
      "adj_r2_bottom_5": -3.3437276328898653,
      "n_bottom_5": 58,
      "rmse_top_5": 5.295348607431481,
      "mae_top_5": 3.624690088732489,
      "r2_top_5": 0.5381136461171694,
      "adj_r2_top_5": 0.5381136461171694,
      "n_top_5": 58,
      "rmse_bottom_10": 6.755817021586336,
      "mae_bottom_10": 5.1767642356151375,
      "r2_bottom_10": -1.210338035434678,
      "adj_r2_bottom_10": -2.1131521625840537,
      "n_bottom_10": 201,
      "rmse_top_10": 5.754678537222644,
      "mae_top_10": 4.2456285213602,
      "r2_top_10": 0.8798629660097854,
      "adj_r2_top_10": 0.7576182647565846,
      "n_top_10": 116,
      "rmse_bottom_20": 6.465670920998922,
      "mae_bottom_20": 4.981651297214142,
      "r2_bottom_20": -1.0620767487759903,
      "adj_r2_bottom_20": -1.726523701159365,
      "n_bottom_20": 239,
      "rmse_top_20": 5.8198170039439345,
      "mae_top_20": 4.559833968795456,
      "r2_top_20": 0.8779049581312481,
      "adj_r2_top_20": 0.8520600222612204,
      "n_top_20": 333
    },
    {
      "fold": 3,
      "n_train": 4572,
      "n_val": 1143,
      "rmse": 5.212959902669662,
      "mae": 3.963276494711194,
      "r2": 0.838591175163012,
      "adj_r2": 0.8299549096274536,
      "weighted_rmse": 6.5979538968455325,
      "rmse_bottom_5": 8.353429752081006,
      "mae_bottom_5": 6.434384543785683,
      "r2_bottom_5": -2.9594934301528504,
      "adj_r2_bottom_5": -41.23459658829707,
      "n_bottom_5": 65,
      "rmse_top_5": 6.714721799027025,
      "mae_top_5": 4.649295746334015,
      "r2_top_5": 0.5766024799040673,
      "adj_r2_top_5": -5.562661561486957,
      "n_top_5": 63,
      "rmse_bottom_10": 6.633467413568727,
      "mae_bottom_10": 4.971671995401382,
      "r2_bottom_10": -1.488603422905356,
      "adj_r2_bottom_10": -2.9177024182371443,
      "n_bottom_10": 160,
      "rmse_top_10": 6.101682958673946,
      "mae_top_10": 4.379581615842622,
      "r2_top_10": 0.7163727875368078,
      "adj_r2_top_10": 0.42776965906548947,
      "n_top_10": 116,
      "rmse_bottom_20": 6.053046214676316,