{
  "rmse": 6.271248286292238,
  "r2": 0.7861637365649269,
  "mae": 4.709317099578189,
  "adj_r2": 0.7663514310070447,
  "weighted_rmse": 8.139344490456272,
  "binned": {
    "rmse_bottom_5": 10.78095652647104,
    "mae_bottom_5": 8.779071015578051,
    "r2_bottom_5": -3.969889723185987,
    "adj_r2_bottom_5": -3.969889723185987,
    "n_bottom_5": 39,
    "rmse_top_5": 7.127508547509944,
    "mae_top_5": 4.626364421844483,
    "r2_top_5": -1.3975106724889184,
    "adj_r2_top_5": -1.3975106724889184,
    "n_top_5": 40,
    "rmse_bottom_10": 8.454567490954258,
    "mae_bottom_10": 6.420459817585193,
    "r2_bottom_10": -2.640235848649282,
    "adj_r2_bottom_10": -15.059864038158597,
    "n_bottom_10": 76,
    "rmse_top_10": 7.6224151629864325,
    "mae_top_10": 5.02472039927607,
    "r2_top_10": -0.0318840825223472,
    "adj_r2_top_10": -6.016811761151961,
    "n_top_10": 69,
    "rmse_bottom_20": 6.64634693242747,
    "mae_bottom_20": 4.904497981558041,
    "r2_bottom_20": -1.9422226324626646,
    "adj_r2_bottom_20": -3.1878351337972237,
    "n_bottom_20": 196,
    "rmse_top_20": 7.009593640887349,
    "mae_top_20": 4.672001631363578,
    "r2_top_20": 0.7607394743130219,
    "adj_r2_top_20": 0.5850798478592911,
    "n_top_20": 138
  },
  "rmse_lt_30": 6.457018341019504,
  "rmse_gt_80": 8.654480969478854
}