{
  "mean": {
    "fold": 2.0,
    "n_train": 4572.0,
    "n_val": 1143.0,
    "rmse": 5.608882340804721,
    "mae": 4.382431662091433,
    "r2": 0.7493719805237408,
    "adj_r2": 0.7359619942418008,
    "weighted_rmse": 6.949776920984005,
    "rmse_bottom_5": 7.810098760695733,
    "mae_bottom_5": 6.409073611621255,
    "r2_bottom_5": -3.7987373774479627,
    "adj_r2_bottom_5": -41.657181258532276,
    "n_bottom_5": 73.2,
    "rmse_top_5": 7.067730670985729,
    "mae_top_5": 5.561069837803395,
    "r2_top_5": 0.5217717325131191,
    "adj_r2_top_5": -2.16844451026363,
    "n_top_5": 63.2,
    "rmse_bottom_10": 6.351696427608705,
    "mae_bottom_10": 4.949919917897376,
    "r2_bottom_10": -1.9462008729770914,
    "adj_r2_bottom_10": -3.9072682333479194,
    "n_bottom_10": 169.8,
    "rmse_top_10": 6.9053868521088715,
    "mae_top_10": 5.391544955377128,
    "r2_top_10": 0.7172978502981897,
    "adj_r2_top_10": 0.4395814745960074,
    "n_top_10": 118.6,
    "rmse_bottom_20": 5.8789835843068055,
    "mae_bottom_20": 4.593525221408734,
    "r2_bottom_20": -1.5443213049162896,
    "adj_r2_bottom_20": -2.2462411927076062,
    "n_bottom_20": 265.2,
    "rmse_top_20": 6.236164704671249,
    "mae_top_20": 4.872903625950539,
    "r2_top_20": 0.7858637560559107,
    "adj_r2_top_20": 0.7346790469534327,
    "n_top_20": 305.6
  },
  "std": {
    "fold": 1.4142135623730951,
    "n_train": 0.0,
    "n_val": 0.0,
    "rmse": 0.126088165010056,
    "mae": 0.09444746115930193,
    "r2": 0.07178469955766327,
    "adj_r2": 0.07562557831628361,
    "weighted_rmse": 0.29426449254231,
    "rmse_bottom_5": 1.0068953935432765,
    "mae_bottom_5": 0.9421634032011482,
    "r2_bottom_5": 0.8410084711910512,
    "adj_r2_bottom_5": 39.95097327003215,
    "n_bottom_5": 19.81312696168881,
    "rmse_top_5": 0.7918111986138511,
    "mae_top_5": 0.5169092552811811,
    "r2_top_5": 0.14703173943818304,
    "adj_r2_top_5": 3.539748888633519,
    "n_top_5": 4.308131845707604,
    "rmse_bottom_10": 0.6446239253336282,
    "mae_bottom_10": 0.5199468882858501,
    "r2_bottom_10": 1.1707233864036317,
    "adj_r2_bottom_10": 2.731202622951538,
    "n_bottom_10": 31.428649350552753,
    "rmse_top_10": 0.4628261316913418,
    "mae_top_10": 0.3536210105306396,
    "r2_top_10": 0.11735793556062221,
    "adj_r2_top_10": 0.2399344830910511,
    "n_top_10": 3.8781438859330635,
    "rmse_bottom_20": 0.5131149830540332,
    "mae_bottom_20": 0.4054626081168223,
    "r2_bottom_20": 0.796233443109611,
    "adj_r2_bottom_20": 0.8957758903169578,
    "n_bottom_20": 35.21590549737434,
    "rmse_top_20": 0.2834115391513567,
    "mae_top_20": 0.32039989086563214,
    "r2_top_20": 0.0840550565965311,
    "adj_r2_top_20": 0.1055680091219491,
    "n_top_20": 16.776173580408617
  },
  "folds": [
    {
      "fold": 0,
      "n_train": 4572,
      "n_val": 1143,
      "rmse": 5.453158401998618,
      "mae": 4.347053475601049,
      "r2": 0.709327208374412,
      "adj_r2": 0.6937746051324525,
      "weighted_rmse": 6.5245179420796715,
      "rmse_bottom_5": 6.43238495312841,
      "mae_bottom_5": 5.333563592003994,
      "r2_bottom_5": -2.8960994467756644,
      "adj_r2_bottom_5": -115.88298340326993,
      "n_bottom_5": 61,
      "rmse_top_5": 6.345615922164283,
      "mae_top_5": 5.419282428288864,
      "r2_top_5": 0.48841025679246064,
      "adj_r2_top_5": 0.48841025679246064,
      "n_top_5": 59,
      "rmse_bottom_10": 5.10642812527641,
      "mae_bottom_10": 3.9714288009339898,
      "r2_bottom_10": -0.7140778520187556,
      "adj_r2_bottom_10": -1.414194157772895,
      "n_bottom_10": 201,
      "rmse_top_10": 7.107151078165014,
      "mae_top_10": 5.777875383969011,
      "r2_top_10": 0.5865418808949915,
      "adj_r2_top_10": 0.16583011057761432,
      "n_top_10": 116,
      "rmse_bottom_20": 5.070957602931333,
      "mae_bottom_20": 3.9993953300244884,
      "r2_bottom_20": -0.6940814023797794,
      "adj_r2_bottom_20": -1.2653414101590075,
      "n_bottom_20": 231,
      "rmse_top_20": 6.526833023155897,
      "mae_top_20": 5.286881115212258,
      "r2_top_20": 0.6719963836791721,
      "adj_r2_top_20": 0.5885568672466808,
      "n_top_20": 287
    },
    {
      "fold": 1,
      "n_train": 4572,
      "n_val": 1143,
      "rmse": 5.481094140581752,
      "mae": 4.25852472867657,
      "r2": 0.7878273657072485,
      "adj_r2": 0.7764749553853116,
      "weighted_rmse": 6.793315482301688,
      "rmse_bottom_5": 8.205167633582718,
      "mae_bottom_5": 7.152612522670201,
      "r2_bottom_5": -5.188867662585316,
      "adj_r2_bottom_5": -37.821078974398795,
      "n_bottom_5": 70,
      "rmse_top_5": 7.10394232569352,
      "mae_top_5": 5.4000396728515625,
      "r2_top_5": 0.7147044403310907,
      "adj_r2_top_5": -0.9400098057485831,
      "n_top_5": 69,
      "rmse_bottom_10": 6.6838256627098245,
      "mae_bottom_10": 5.4066959403411685,
      "r2_bottom_10": -2.5179054633253934,
      "adj_r2_bottom_10": -4.339677935404615,
      "n_bottom_10": 171,
      "rmse_top_10": 6.742631144389019,
      "mae_top_10": 5.305277656106388,
      "r2_top_10": 0.8214692231780647,
      "adj_r2_top_10": 0.6488894722501939,
      "n_top_10": 119,
      "rmse_bottom_20": 6.153845237280899,
      "mae_bottom_20": 4.888989594146495,
      "r2_bottom_20": -1.8077744379645084,
      "adj_r2_bottom_20": -2.609995705954368,
      "n_bottom_20": 262,
      "rmse_top_20": 5.79134908694247,
      "mae_top_20": 4.399079322814941,
      "r2_top_20": 0.85663972730469,
      "adj_r2_top_20": 0.8232465714158226,
      "n_top_20": 308
    },
    {
      "fold": 2,
      "n_train": 4572,
      "n_val": 1143,
      "rmse": 5.759934023481505,
      "mae": 4.529680107029925,
      "r2": 0.8100013835004646,
      "adj_r2": 0.7998354058648806,
      "weighted_rmse": 6.879744167539506,
      "rmse_bottom_5": 9.181602185232283,
      "mae_bottom_5": 7.596841479334338,
      "r2_bottom_5": -3.9400941948368926,
      "adj_r2_bottom_5": -3.9400941948368926,
      "n_bottom_5": 58,
      "rmse_top_5": 6.113357444418079,
      "mae_top_5": 4.773005715731917,
      "r2_top_5": 0.38439009617213016,
      "adj_r2_top_5": 0.38439009617213016,
      "n_top_5": 58,
      "rmse_bottom_10": 6.816658967191989,
      "mae_bottom_10": 5.285765537622556,
      "r2_bottom_10": -1.2503292980319123,
      "adj_r2_bottom_10": -2.169477884551989,
      "n_bottom_10": 201,
      "rmse_top_10": 6.087471354452147,
      "mae_top_10": 4.772025420747954,
      "r2_top_10": 0.865566152020524,
      "adj_r2_top_10": 0.7287738154800045,
      "n_top_10": 116,
      "rmse_bottom_20": 6.588614126619483,
      "mae_bottom_20": 5.142812544371793,
      "r2_bottom_20": -1.1412421206000345,
      "adj_r2_bottom_20": -1.831197915015601,
      "n_bottom_20": 239,
      "rmse_top_20": 6.055077009265109,
      "mae_top_20": 4.828018934232695,
      "r2_top_20": 0.8678343148087222,
      "adj_r2_top_20": 0.8398576369215174,
      "n_top_20": 333
    },
    {
      "fold": 3,
      "n_train": 4572,
      "n_val": 1143,
      "rmse": 5.614606947521008,
      "mae": 4.332581739083571,
      "r2": 0.8127606071445137,
      "adj_r2": 0.8027422632463419,
      "weighted_rmse": 7.2037616001643645,
      "rmse_bottom_5": 8.343127353626768,
      "mae_bottom_5": 6.671030623802772,
      "r2_bottom_5": -2.949732858658695,
      "adj_r2_bottom_5": -41.13048382569274,
      "n_bottom_5": 65,
      "rmse_top_5": 8.309758874564153,
      "mae_top_5": 6.298715016198536,
      "r2_top_5": 0.35156103172262776,
      "adj_r2_top_5": -9.05080400829927,
      "n_top_5": 63,
      "rmse_bottom_10": 6.352093175302438,
      "mae_bottom_10": 4.876168390989304,
      "r2_bottom_10": -1.2819609790950333,
      "adj_r2_bottom_10": -2.5923940165951516,
      "n_bottom_10": 160,
      "rmse_top_10": 7.420355510267448,
      "mae_top_10": 5.421436342699774,
      "r2_top_10": 0.5805327621844405,
      "adj_r2_top_10": 0.15370645002123962,
      "n_top_10": 116,
      "rmse_bottom_20": 5.976269135995212,