{
  "rmse": 6.371299028438855,
  "r2": 0.779286273473859,
  "mae": 4.685927469852197,
  "adj_r2": 0.7588367588755904,
  "weighted_rmse": 8.855504809373004,
  "binned": {
    "rmse_bottom_5": 10.684549648056093,
    "mae_bottom_5": 8.925617599487305,
    "r2_bottom_5": -3.8814023470043812,
    "adj_r2_bottom_5": -3.8814023470043812,
    "n_bottom_5": 39,
    "rmse_top_5": 8.46865511401891,
    "mae_top_5": 6.084013748168945,
    "r2_top_5": -2.384651425159251,
    "adj_r2_top_5": -2.384651425159251,
    "n_top_5": 40,
    "rmse_bottom_10": 8.640445951078961,
    "mae_bottom_10": 6.590393864481073,
    "r2_bottom_10": -2.8020607101965918,
    "adj_r2_bottom_10": -15.773797250867318,
    "n_bottom_10": 76,
    "rmse_top_10": 9.384240107048047,
    "mae_top_10": 6.950689785722373,
    "r2_top_10": -0.5640258863553016,
    "adj_r2_top_10": -9.63537602721605,
    "n_top_10": 69,
    "rmse_bottom_20": 6.760687600115998,
    "mae_bottom_20": 4.870713981317015,
    "r2_bottom_20": -2.044326682556071,
    "adj_r2_bottom_20": -3.3331657160469623,
    "n_bottom_20": 196,
    "rmse_top_20": 8.162449354323511,
    "mae_top_20": 5.877648768217667,
    "r2_top_20": 0.6755659947086567,
    "adj_r2_top_20": 0.43737394019096165,
    "n_top_20": 138
  },
  "rmse_lt_30": 6.544700187004148,
  "rmse_gt_80": 9.229015232491031
}