{
  "mean": {
    "fold": 2.0,
    "n_train": 4572.0,
    "n_val": 1143.0,
    "rmse": 5.709699420845461,
    "mae": 4.4273510152194335,
    "r2": 0.7400380328367067,
    "adj_r2": 0.7261286286895933,
    "weighted_rmse": 7.084131202042514,
    "rmse_bottom_5": 8.00962474214013,
    "mae_bottom_5": 6.4506893398344385,
    "r2_bottom_5": -4.003796972831428,
    "adj_r2_bottom_5": -42.356913173552876,
    "n_bottom_5": 73.2,
    "rmse_top_5": 6.761313089080528,
    "mae_top_5": 5.227714238421543,
    "r2_top_5": 0.5798039203512152,
    "adj_r2_top_5": -1.24610331987936,
    "n_top_5": 63.2,
    "rmse_bottom_10": 6.579556846409029,
    "mae_bottom_10": 5.03132817137506,
    "r2_bottom_10": -2.171039288098001,
    "adj_r2_bottom_10": -4.311906599034555,
    "n_bottom_10": 169.8,
    "rmse_top_10": 6.901689346870123,
    "mae_top_10": 5.425279504509541,
    "r2_top_10": 0.7314554508354904,
    "adj_r2_top_10": 0.4705127181609436,
    "n_top_10": 118.6,
    "rmse_bottom_20": 6.041375922575578,
    "mae_bottom_20": 4.574627364681487,
    "r2_bottom_20": -1.6880141926032404,
    "adj_r2_bottom_20": -2.4282990508494704,
    "n_bottom_20": 265.2,
    "rmse_top_20": 6.227863026950506,
    "mae_top_20": 4.846655922757617,
    "r2_top_20": 0.7852770598086071,
    "adj_r2_top_20": 0.7340801452449088,
    "n_top_20": 305.6
  },
  "std": {
    "fold": 1.4142135623730951,
    "n_train": 0.0,
    "n_val": 0.0,
    "rmse": 0.08487567440622941,
    "mae": 0.10989609969496202,
    "r2": 0.07226979395472886,
    "adj_r2": 0.07613662794861657,
    "weighted_rmse": 0.4863212929089779,
    "rmse_bottom_5": 1.1528050265286218,
    "mae_bottom_5": 1.1664674608032586,
    "r2_bottom_5": 0.6865899819248132,
    "adj_r2_bottom_5": 40.00858249537381,
    "n_bottom_5": 19.81312696168881,
    "rmse_top_5": 1.1942986419446897,
    "mae_top_5": 1.036407100990628,
    "r2_top_5": 0.10174713727070943,
    "adj_r2_top_5": 1.550742947904872,
    "n_top_5": 4.308131845707604,
    "rmse_bottom_10": 0.7240432918919484,
    "mae_bottom_10": 0.6068255030641826,
    "r2_bottom_10": 1.3221570656081496,
    "adj_r2_bottom_10": 3.113714217839297,
    "n_bottom_10": 31.428649350552753,
    "rmse_top_10": 0.8346568164424882,
    "mae_top_10": 0.7159686315352289,
    "r2_top_10": 0.0850668284169238,
    "adj_r2_top_10": 0.16675490464986148,
    "n_top_10": 3.8781438859330635,
    "rmse_bottom_20": 0.4884300826943016,
    "mae_bottom_20": 0.4426498547606013,
    "r2_bottom_20": 0.839168398111765,
    "adj_r2_bottom_20": 0.9384617595228593,
    "n_bottom_20": 35.21590549737434,
    "rmse_top_20": 0.3255133312100034,
    "mae_top_20": 0.2845969067023152,
    "r2_top_20": 0.08702405705786218,
    "adj_r2_top_20": 0.10877112052313692,
    "n_top_20": 16.776173580408617
  },
  "folds": [
    {
      "fold": 0,
      "n_train": 4572,
      "n_val": 1143,
      "rmse": 5.719970381567596,
      "mae": 4.594817297393986,
      "r2": 0.68018729308651,
      "adj_r2": 0.6630755430856038,
      "weighted_rmse": 6.472682577406039,
      "rmse_bottom_5": 6.445364334392961,
      "mae_bottom_5": 5.0131579758691,
      "r2_bottom_5": -2.9118385482158766,
      "adj_r2_bottom_5": -116.3551564464763,
      "n_bottom_5": 61,
      "rmse_top_5": 6.666013098886529,
      "mae_top_5": 5.775666640976728,
      "r2_top_5": 0.43544456887291505,
      "adj_r2_top_5": 0.43544456887291505,
      "n_top_5": 59,
      "rmse_bottom_10": 5.182953294225518,
      "mae_bottom_10": 3.82010792309965,
      "r2_bottom_10": -0.7658373028751075,
      "adj_r2_bottom_10": -1.4870947927818414,
      "n_bottom_10": 201,
      "rmse_top_10": 6.904764699688344,
      "mae_top_10": 5.847959495412892,
      "r2_top_10": 0.6097542371392766,
      "adj_r2_top_10": 0.21266205738625976,
      "n_top_10": 116,
      "rmse_bottom_20": 5.225596359155875,
      "mae_bottom_20": 3.919233960403508,
      "r2_bottom_20": -0.7989787636693328,
      "adj_r2_bottom_20": -1.4056111374648057,
      "n_bottom_20": 231,
      "rmse_top_20": 6.405524245088641,
      "mae_top_20": 5.2263946838910575,
      "r2_top_20": 0.6840757332441811,
      "adj_r2_top_20": 0.6037090338062974,
      "n_top_20": 287
    },
    {
      "fold": 1,
      "n_train": 4572,
      "n_val": 1143,
      "rmse": 5.826091004353552,
      "mae": 4.488410464109085,
      "r2": 0.7602771821785752,
      "adj_r2": 0.7474506845460636,
      "weighted_rmse": 7.24621129111414,
      "rmse_bottom_5": 7.715733148451809,
      "mae_bottom_5": 6.571538053240094,
      "r2_bottom_5": -4.472561839426281,
      "adj_r2_bottom_5": -33.32788790185577,
      "n_bottom_5": 70,
      "rmse_top_5": 7.730099618501197,
      "mae_top_5": 5.880103456801263,
      "r2_top_5": 0.6621947926484879,
      "adj_r2_top_5": -1.2970754099902821,
      "n_top_5": 69,
      "rmse_bottom_10": 6.6063432932773205,
      "mae_bottom_10": 5.314282054789582,
      "r2_bottom_10": -2.4368154572893177,
      "adj_r2_bottom_10": -4.2165948905284285,
      "n_bottom_10": 171,
      "rmse_top_10": 7.700406355538529,
      "mae_top_10": 6.042755447515921,
      "r2_top_10": 0.7671471393219763,
      "adj_r2_top_10": 0.5420560406665533,
      "n_top_10": 119,
      "rmse_bottom_20": 6.202240078443147,
      "mae_bottom_20": 4.878007837834249,
      "r2_bottom_20": -1.852109675845588,
      "adj_r2_bottom_20": -2.666998154658613,
      "n_bottom_20": 262,
      "rmse_top_20": 6.205313949760043,
      "mae_top_20": 4.552836127095408,
      "r2_top_20": 0.8354124999611234,
      "adj_r2_top_20": 0.7970748493496582,
      "n_top_20": 308
    },
    {
      "fold": 2,
      "n_train": 4572,
      "n_val": 1143,
      "rmse": 5.568400286594266,
      "mae": 4.311637873545302,
      "r2": 0.8224272521875248,
      "adj_r2": 0.8129261273045695,
      "weighted_rmse": 7.000314018880057,
      "rmse_bottom_5": 9.698118149085463,
      "mae_bottom_5": 8.273122191593565,
      "r2_bottom_5": -4.511543345276196,
      "adj_r2_bottom_5": -4.511543345276196,
      "n_bottom_5": 58,
      "rmse_top_5": 5.466385523326713,
      "mae_top_5": 4.065859893272663,
      "r2_top_5": 0.5077944184250496,
      "adj_r2_top_5": 0.5077944184250496,
      "n_top_5": 58,
      "rmse_bottom_10": 6.955010061721935,
      "mae_bottom_10": 5.408098751087094,
      "r2_bottom_10": -1.342601761719941,
      "adj_r2_bottom_10": -2.2994391010140016,
      "n_bottom_10": 201,
      "rmse_top_10": 6.227419586810376,
      "mae_top_10": 4.879639017170873,
      "r2_top_10": 0.8593139535443479,
      "adj_r2_top_10": 0.7161597308350879,
      "n_top_10": 116,
      "rmse_bottom_20": 6.56807936598528,
      "mae_bottom_20": 5.058779105022862,
      "r2_bottom_20": -1.1279156841180353,
      "adj_r2_bottom_20": -1.813577404556069,
      "n_bottom_20": 239,
      "rmse_top_20": 5.9339023739712715,
      "mae_top_20": 4.754275469164233,
      "r2_top_20": 0.8730712030349752,
      "adj_r2_top_20": 0.8462030635314298,
      "n_top_20": 333
    },
    {
      "fold": 3,
      "n_train": 4572,
      "n_val": 1143,
      "rmse": 5.750887665368947,
      "mae": 4.43750176507344,
      "r2": 0.8035607462705664,
      "adj_r2": 0.7930501588938993,
      "weighted_rmse": 6.788036848862939,
      "rmse_bottom_5": 8.883793082262928,
      "mae_bottom_5": 6.995616758493277,
      "r2_bottom_5": -3.4782346536964805,
      "adj_r2_bottom_5": -46.767836306095795,
      "n_bottom_5": 65,
      "rmse_top_5": 5.485683520252486,
      "mae_top_5": 3.925078861297123,
      "r2_top_5": 0.7174119714987757,
      "adj_r2_top_5": -3.380114441768977,
      "n_top_5": 63,
      "rmse_bottom_10": 6.94515315921169,
      "mae_bottom_10": 5.302677449464798,
      "r2_bottom_10": -1.7279609493533115,
      "adj_r2_bottom_10": -3.2945127816552136,
      "n_bottom_10": 160,
      "rmse_top_10": 5.746476954222185,
      "mae_top_10": 4.288324027225889,
      "r2_top_10": 0.7484339914411868,
      "adj_r2_top_10": 0.49245454413572776,
      "n_top_10": 116,
      "rmse_bottom_20": 6.433971238182388,