ncbiTaxID_new,species_id,species,superkingdom_id,superkingdom,phylum_id,phylum,class_id,class,order_id,order,family_id,family,genus_id,genus,median_temp,superkingdom_dummy,B1_mean,B2_mean,B3_mean,B4_mean,B5_mean,B6_mean,B7_mean,B8_mean,B9_mean,B10_mean,PP1_mean,PP2_mean,PP3_mean,F1_mean,F2_mean,F3_mean,F4_mean,F5_mean,F6_mean,K1_mean,K2_mean,K3_mean,K4_mean,K5_mean,K6_mean,K7_mean,K8_mean,K9_mean,K10_mean,MSWHIM1_mean,MSWHIM2_mean,MSWHIM3_mean,ST1_mean,ST2_mean,ST3_mean,ST4_mean,ST5_mean,ST6_mean,ST7_mean,ST8_mean,T1_mean,T2_mean,T3_mean,T4_mean,T5_mean,VHSE1_mean,VHSE2_mean,VHSE3_mean,VHSE4_mean,VHSE5_mean,VHSE6_mean,VHSE7_mean,VHSE8_mean,Z1_mean,Z2_mean,Z3_mean,Z4_mean,Z5_mean,source,removed_at
2026795,2026795,Nitrososphaerota archaeon,2157,Archaea,651137.0,Nitrososphaerota,,,,,,,,,77.0,1.0,0.1082999116768784,-0.2490095368003203,-0.1846682992071644,0.0047771920463407,-0.0586773181101106,0.166611465816222,0.0275655706821559,-0.0468552816347501,0.1064339423943123,-0.0202111821110514,-0.1140726938655877,-0.3038466844042327,0.036314530181324,-0.2043990419320734,0.0536387768981541,-0.0864771963962651,0.4028402515807522,0.0309771711835,-0.0034908127609215,-0.109724256145396,-0.1950419942356672,0.0746556337552036,0.1049094638567393,-0.049170993612012,-0.3266236006910847,-0.0187615368174563,0.0278204689908989,-0.025431915768868,-0.0267554726893377,-0.3419663394898979,0.3977135082662398,-0.3651662596585739,-0.8535422989713177,-0.2579831859152222,-0.1941722372494712,-0.0369231811388529,-0.0954556354657675,-0.1915841968388703,0.0926664765575561,0.183850367407129,-4.549060124531793,0.0382236472142786,-0.0296685006156394,0.2668164871767141,0.6009804029770942,-0.0309981460396713,-0.1050336965675436,-0.153122010947459,-0.1520412106138781,-0.0476260679723114,-0.2333551977423834,0.1821352609295179,-0.0342017074720273,0.0300693499541401,-0.5149514467956069,-0.3563568826259347,-0.4267260438573955,0.2453431497985084,train_genus.csv,2026-02-03T11:31:12.886897
