{"33.5": 0.09799694393806646, "16.5": 0.7070019917309136, "37.0": 0.11039827563875264, "25.0": 0.10421203441214436, "31.5": 0.03901210442245587, "30.0": 0.0064220049205160725, "36.0": 0.10342172729867356, "55.0": 0.742668903509377, "39.0": 0.1983325749951306, "28.0": 0.0058657023844048695, "45.0": 0.6796947031240906, "32.5": 0.07110031675376244, "38.5": 0.16465655837758997, "65.0": 0.8030907281116167, "40.0": 0.2908069843787475, "27.5": 0.013491873080447464, "39.5": 0.2405837670709636, "29.0": 0.0, "35.5": 0.1047895670360714, "15.0": 0.7539276038245489, "48.0": 0.7196138618171579, "42.0": 0.5198913671682114, "32.0": 0.05474289127993883, "26.5": 0.0387667804779785, "33.0": 0.08618033903597226, "22.5": 0.2911476320064163, "31.75": 0.04669851333108721, "50.0": 0.7202470411245652, "26.25": 0.04729372102162932, "44.0": 0.652506835024842, "20.0": 0.5040616329810328, "23.5": 0.20582627256003827, "37.5": 0.12154211307178298, "42.75": 0.5862323395624843, "17.5": 0.6646801278630705, "52.5": 0.7388654074945321, "72.5": 0.8882949221373778, "27.0": 0.024405140063040672, "80.0": 0.8826076456423521, "28.5": 0.0013949895380080542, "18.0": 0.6381562915844946, "41.0": 0.40679692585237476, "58.0": 0.782689474294899, "88.0": 0.9177416083678507, "92.5": 0.9646979171544728, "30.5": 0.014312654814315064, "47.5": 0.7176211605830614, "21.2": 0.40712686330035575, "22.0": 0.33621887845186943, "12.5": 0.8345466807679086, "35.0": 0.10697501935551378, "24.75": 0.11858687101228164, "57.5": 0.7769432455954379, "36.5": 0.10477817521916136, "29.5": 0.0016640592725815945, "48.5": 0.7198655880290694, "27.75": 0.009277109720029007, "47.0": 0.7133987868491818, "43.0": 0.6036875297883085, "21.5": 0.38096009205740416, "26.0": 0.056746021480893465, "28.25": 0.003242326534819767, "17.0": 0.6875508171458419, "56.5": 0.7616850870691503, "31.0": 0.025279799810823622, "18.5": 0.6082840256766424, "23.0": 0.24722732751781287, "30.25": 0.009975450500987937, "70.0": 0.8581700951621473, "12.0": 0.850153861508467, "43.5": 0.6318831110680376, "26.75": 0.03114432297165716, "19.5": 0.5408414720080355, "91.0": 0.9487402097434227, "61.0": 0.8067381632064563, "67.5": 0.8330867353860032, "42.5": 0.5664108336300042, "34.0": 0.10522313482618742, "84.0": 0.8792091302034014, "100.0": 0.980936330997, "38.0": 0.13930562136041294, "75.0": 0.9016762411318829, "85.0": 0.8833769107738279, "19.0": 0.5756629047550125, "7.0": 0.9654927580045947, "60.0": 0.7974239007169931, "46.5": 0.707039451295808, "73.0": 0.8930304869334319, "23.75": 0.18639226612559678, "51.0": 0.7270348551690622, "90.0": 0.9383827705028596, "48.25": 0.719905113918556, "77.0": 0.9017744338594176, "78.0": 0.8962814562164175, "81.0": 0.8805412666270778, "53.6": 0.7401172984716436, "82.0": 0.8802466890225492, "63.0": 0.8130109419330239, "12.35": 0.8393196689945577, "79.5": 0.8850881537784774, "16.0": 0.7238137446050272, "21.0": 0.424175615266364, "62.5": 0.8146008750487129, "57.0": 0.7697401138760298, "24.0": 0.16791394932904788, "25.5": 0.07850827686715586, "13.5": 0.8015201119446479, "10.0": 0.9046576717718784, "14.0": 0.7850235173025248, "37.75": 0.1295324899099755, "37.9": 0.13517469184467573, "58.5": 0.7869862242315635, "63.75": 0.8079555944293441, "49.0": 0.7193428765564167, "56.75": 0.7657608678216373, "67.0": 0.8253373206238646, "68.0": 0.8398325233138706, "37.25": 0.11520837690955599, "34.5": 0.10779954515515741, "35.75": 0.10387546764158824, "29.75": 0.0036530926807563997, "35.25": 0.10591299637630731, "41.5": 0.46566463359832677, "98.0": 0.9815554025839661, "87.5": 0.9119035864206372, "15.27": 0.7459120597421949, "82.5": 0.8799003060143793, "77.5": 0.8995329037602455, "59.0": 0.7903768717335893, "44.5": 0.6677373388415823, "13.0": 0.8181991951145355, "33.75": 0.1022211137788151, "81.5": 0.8803762528589762, "49.5": 0.7191701655594667, "105.0": 0.9991414243472067, "66.0": 0.8103906908957867, "20.5": 0.4652355312871688, "29.25": 0.00044833387947128777, "71.0": 0.8693437425102001, "46.0": 0.6990381705116752, "23.45": 0.20982160559584698, "52.0": 0.7359350311124676, "16.15": 0.718984574846703, "15.45": 0.7405772655050858, "93.75": 0.9766920078992862, "96.0": 0.9864374955369627, "72.25": 0.8854844951479669, "24.5": 0.13399461554539, "10.5": 0.8918860822463531, "64.0": 0.8061846041316102, "30.75": 0.01942286898128312, "27.25": 0.01852794884434328, "68.5": 0.8452933441019036, "76.75": 0.9024709755995228, "25.25": 0.09085800353630737, "56.0": 0.7538099847885785, "23.6": 0.19794218073785577, "5.0": 0.982534088023332, "66.25": 0.8137055902435157, "63.5": 0.8098012719872099, "70.5": 0.8633240837539243, "56.25": 0.757653238569832, "38.75": 0.18042287695483897, "4.0": 0.9890863848039141, "45.5": 0.6898996197613538, "34.75": 0.10769523728451336, "92.0": 0.9594116939844061, "53.0": 0.7401636029694171, "100.5": 0.9829201836556296, "62.0": 0.813923276506837, "66.5": 0.8173985885619912, "61.5": 0.8110668395025626, "40.5": 0.3472190824303186, "61.25": 0.809026845165832, "25.75": 0.06714416733066625, "79.0": 0.8884882390258678, "82.75": 0.8796434405045865, "72.0": 0.882437380356283, "9.5": 0.9170680308689709, "86.25": 0.8961264226351973, "31.25": 0.03183520237324803, "88.75": 0.925777992452045, "83.5": 0.8789718112184433, "93.5": 0.9745229704745945, "74.0": 0.8988801022267242, "62.25": 0.8145572715427281, "5.5": 0.9791670119956715, "106.0": 1.0, "14.5": 0.7691242896453535, "83.0": 0.8793683433841998, "73.75": 0.8978098070741978, "51.5": 0.7317043342492077, "71.5": 0.875910156717143, "6.75": 0.9684193060077744, "18.75": 0.5922777028018502, "54.0": 0.739874350291091, "11.0": 0.8786843458748194}